,precision,recall,f1-score,support
non-fracture,0.8125,0.6842105263157895,0.7428571428571429,19.0
simple,0.7380952380952381,0.7380952380952381,0.7380952380952381,42.0
comminuted,0.7575757575757576,0.6410256410256411,0.6944444444444444,39.0
spiral,0.6756756756756757,0.8620689655172413,0.7575757575757576,29.0
greenstick,0.6666666666666666,0.2857142857142857,0.4,7.0
stress,0.78125,0.9259259259259259,0.847457627118644,27.0
accuracy,0.7423312883435583,0.7423312883435583,0.7423312883435583,0.7423312883435583
macro avg,0.738627223002223,0.6895067637656869,0.6967383683485379,163.0
weighted avg,0.7444046982007105,0.7423312883435583,0.7352679260706712,163.0
